incluir_en_catalogo_final,bloque_tematico,subtema,nombre_capa,descripcion,tags,proveedor,tipo_acceso,url_endpoint,cobertura_geografica,cobertura_codigo,disponibilidad_municipal,campo_filtro,coste,requiere_registro,formato_datos,tematica_inspire,notas_limitaciones,capabilities,pts_tematica,pts_cobertura,pts_fuente,pts_tecnica,total_pts,prioridad_app,justificacion_prioridad,estado_revision,referencia,,,,,,,,
,Administración del territorio,Sistema de información urbana ,SIU_Servicios_OGC,,,MIVAUV,WMS,https://mapas.fomento.gob.es/arcgis/services/SIU/Servicios_OGC/MapServer/WMSServer,Nacional,,BBOX,,Gratuita,No,WMS,Land Use - LU,Visualización oficial del planeamiento urbanístico y ocupación del suelo. Esencial para contextualizar el desarrollo urbano municipal.,https://mapas.fomento.gob.es/arcgis/services/SIU/Servicios_OGC/MapServer/WMSServer?service=wms&request=getCapabilities,2,2,2,2,8,P0 - MVP,pendiente,pendiente,Sistema de Información Urbana | Ministerio de Vivienda y Agenda Urbana,,,,,,,,
si,Administración del territorio,catastro,Cartografia catastral,"Servicio oficial de Cartografía Catastral de España (Ministerio de Hacienda). Proporciona información geográfica vectorial y alfanumérica sobre la propiedad inmobiliaria, incluyendo la delimitación de parcelas, edificios, direcciones postales y divisiones administrativas. Es la fuente de verdad legal para la gestión tributaria y la identificación de inmuebles en todo el territorio nacional (excepto País Vasco y Navarra). Permite la visualización de la planta de edificios, números de policía y la cartografía base catastral","catastro, parcelas, referencia catastral, edificios, inmuebles, propiedad, urbanismo, rústica, direcciones,limites de propiedad, huella de edificio, manzanas, subparcelas,OVC, Dirección General del Catastro, Hacienda.",DIRECCION GENERAL DE CATASTRO,WMS,https://ovc.catastro.meh.es/Cartografia/WMS/ServidorWMS.aspx,Nacional ,,BBOX,,Gratuita,No,WMS,Land Use - LU,,http://www.idee.es/csw-inspire idee/srv/spa/csw?SERVICE=CSW&VERSION=2.0.2&REQUEST=GetRecordById&outputSchema= http://www.isotc211.org/2005/gmd&ElementSetName=full&ID=ES_SDGC_WMS,2,2,2,2,8,P0 - MVP,,Revisada,CARTOGRAFÍA CATASTRAL - INSPIRE,,,,,,,,
,Administración del territorio,,,,,,,,,,,,,,,,,,,,,,,,,,,,,,,,,,
si,Administración del territorio,Sistema de información urbana ,SIOSE y Corine ,,,MIVAUV,WFS,https://mapas.fomento.gob.es/arcgis/services/SIU/Servicios_OGC/MapServer/WFSServer,Nacional,,BBOX,,Gratuita,No,GML/XML/Geopackage/KML/GeoJson,Land Use - LU,Acceso vectorial a capas de planeamiento y áreas urbanas. Permite análisis espacial pero requiere gestión de BBOX por volumen de datos.,https://mapas.fomento.gob.es/arcgis/services/SIU/Servicios_OGC/MapServer/WFSServer?service=wfs&request=getCapabilities,2,2,2,1,7,P0 - MVP,pendiente,Revisada,Sistema de Información Urbana | Ministerio de Vivienda y Agenda Urbana,,,,,,,,
,Administración del territorio,Unidades administrativas,Unidades administrativas de España,,,IGN-CNIG,WFS,https://www.ign.es/wfs-inspire/unidades-administrativas,Nacional,,BBOX,,Gratuita,No,GML / XML; formatos adicionales según GetCapabilities,Administrative Units - AU,"Adecuado para descarga y consulta de límites administrativos; para análisis municipal se recomienda filtrar por identificador, nombre o bbox cuando el cliente lo permita",https://www.ign.es/wfs-inspire/unidades-administrativas?service=WFS&request=GetCapabilities,,,,,,,Fuente incompleta: sin organismo ni endpoint.,Pendiente,https://www.ign.es/wfs-inspire/unidades-administrativas | https://www.ign.es/web/ide-area-nodo-ide-ign,,,,,,,,
si,Administración del territorio,Unidades administrativas,Unidades administrativas de España,,,IGN / CNIG,WMS,https://www.ign.es/wms-inspire/unidades-administrativas,Nacional,,BBOX,,Gratuita,No,Imagen WMS; datos vectoriales en WFS/API Features asociados,Administrative Units - AU,"Fuente clave para obtener o visualizar límites administrativos. Para extraer geometría municipal se recomienda usar WFS u OGC API Features asociado, no solo WMS.",https://www.ign.es/wms-inspire/unidades-administrativas?request=GetCapabilities&service=WMS,,,,,,,Duplicada e incompleta.,Pendiente,https://www.ign.es/web/ide-area-nodo-ide-ign,,,,,,,,
si,Agricultura,Parcelario agrícola PAC,Servicio WMS en la Nube SIGPAC,,,FEGA - MAPA,WMS,https://sigpac-hubcloud.es/wms,Nacional,,BBOX,,Gratuita,No,WMS,Land Use - LU / Area Management/Restriction/Regulation Zones - AM,"Permite visualizar las capas de recintos  elementos del paisaje y líneas de declaración; tres capas catalogadas como conjuntos de datos de alto valor (HVD) por el Reglamento (UE) 2023/138. Operación GetFeatureInfo permite consultar propiedades del recinto en HTML o JSON. Imprescindible para análisis municipal del parcelario agrícola y usos PAC.	",https://sigpac-hubcloud.es/wms?request=GetCapabilities&service=WMS,2,2,2,2,8,P0 - MVP,Fuente esencial para parcelario agrícola y usos PAC.,Revisada,https://idee.es/web/idee/segun-tipo-de-servicio,,,,,,,,
,Agricultura,Grupos de acción ,Grupos de Acción Local (GAL),,,MAPAMA ,WMS,https://wms.mapama.gob.es/sig/DesarrolloRural/GruposAccionLocal,Nacional,,BBOX,,Gratuita,No,WMS,Area Management/Restriction/Regulation Zones - AM,Conjunto de datos de los Grupos de Acción Local (GAL) o Grupos de Desarrollo Rural (GDR) impulsores del desarrollo del programa y del desarrollo socioeconómico de sus comarcas. Útil municipal para identificar pertenencia a GAL/GDR (LEADER/FEADER) y oportunidades de financiación.,https://wms.mapama.gob.es/sig/DesarrolloRural/GruposAccionLocal?request=GetCapabilities&service=WMS,1,2,2,1,6,P1 - Alta,Muy útil para desarrollo rural y financiación LEADER.,Revisada,https://idee.es/web/idee/segun-tipo-de-servicio,,,,,,,,
si,Agricultura,Industria agroalimentaria,Industria Agroalimentaria,,,MAPA,WMS,https://wms.mapama.gob.es/sig/Alimentacion/IndustriasAgroalimentarias,Nacional,,BBOX,,Gratuita,No,WMS,Production and Industrial Facilities - PF,Visualización y consulta de la localización de industrias agroalimentarias a nivel nacional. Útil municipal para inventariar tejido industrial agroalimentario. Limitación: posible desactualización de localizaciones.,https://wms.mapama.gob.es/sig/Alimentacion/IndustriasAgroalimentarias?request=GetCapabilities&service=WMS,1,2,2,1,6,P1 - Alta,Inventario sectorial con valor municipal.,Revisada,https://idee.es/web/idee/segun-tipo-de-servicio,,,,,,,,
si,Agricultura,Información agroclimática,Estaciones agroclimáticas (SIAR),,,MAPA,WMS,https://wms.mapama.gob.es/sig/DesarrolloRural/InfoAgroclimatica/Estaciones,Nacional,,BBOX,,Gratuita,No,WMS,Environmental Monitoring Facilities - EF,Visualización de la red de estaciones agroclimáticas del SIAR (Sistema de Información Agroclimática para el Regadío). Útil municipal como referencia para datos meteorológicos y de riego en zonas agrícolas. Limitación: dependerá de la cercanía de estaciones al municipio.,https://wms.mapama.gob.es/sig/DesarrolloRural/InfoAgroclimatica/Estaciones?request=GetCapabilities&service=WMS,1,2,2,1,6,P1 - Alta,Referencia agroclimática; valor depende de cercanía a estación.,Revisada,https://idee.es/web/idee/segun-tipo-de-servicio,,,,,,,,
si,Agricultura,Información agroclimática,Necesidades de riego,,,MAPA,WMS,https://wms.mapama.gob.es/sig/desarrollorural/InfoAgroclimatica/NecesidadesRiego,Nacional,,BBOX,,Gratuita,No,WMS,Meteorological geographical features - MF,Visualización de necesidades de riego derivadas de balances hídricos agroclimáticos. Útil municipal para planificación hídrica agrícola. Limitación: resolución limitada por interpolación a partir de estaciones.,https://wms.mapama.gob.es/sig/desarrollorural/InfoAgroclimatica/NecesidadesRiego?request=GetCapabilities&service=WMS,1,2,2,1,6,P1 - Alta,Útil para planificación hídrica agraria.,Revisada,https://idee.es/web/idee/segun-tipo-de-servicio,,,,,,,,
si,Agricultura,Regadíos,Obras de Regadío (2008-2022),,,MAPA,WMS,https://wms.mapama.gob.es/sig/desarrollorural/Regadios/obras,Nacional,,BBOX,,Gratuita,No,WMS,Utility and Governmental Services - US,"Visualización y consulta de obras de modernización de regadíos desde el inicio del Plan Nacional de Regadíos H-2008 hasta septiembre de 2022 con el objetivo de conocer su ubicación, superficie y estado. Útil municipal para identificar inversiones en infraestructura de regadío. Limitación: solo obras del PNR.",https://wms.mapama.gob.es/sig/desarrollorural/Regadios/obras?request=GetCapabilities&service=WMS,1,2,2,1,6,P1 - Alta,Útil para municipios agrarios; WMS visual.,Revisada,https://idee.es/web/idee/segun-tipo-de-servicio,,,,,,,,
si,Agricultura,Usos del suelo agrícola,Usos del suelo en regadío,,,MAPA,WMS,https://wms.mapama.gob.es/sig/desarrollorural/InfoAgroclimatica/usosueloregadio,Nacional,,BBOX,,Gratuita,No,WMS,Land Use - LU,Visualización de los usos de suelo bajo regadío a nivel nacional. Útil municipal para diagnóstico del regadío y planificación agraria local. Hay zonas sin datos ,https://wmts.mapama.gob.es/sig/desarrollorural/usos_suelo_regadio/ows?request=getcapabilities&service=wms,1,2,2,1,6,P1 - Alta,Útil para diagnóstico de regadío; posibles zonas sin datos.,Revisada,https://idee.es/web/idee/segun-tipo-de-servicio,,,,,,,,
si,Agricultura,Variables agroclimáticas,Caracterización Agroclimática,,,MAPA ,WMS,https://wms.mapama.gob.es/sig/Agricultura/CaractAgroClimaticas,Nacional,,BBOX,,Gratuita,No,WMS,Meteorological geographical features - MF,"Visualización y consulta de variables agroclimáticas (Aridez	 Pluviometría	 Evapotranspiración	 Factor de Erosión	 Tª máxima	 etc.) producidas por interpolación geoestadística (kriging) a partir de estaciones AEMET)",https://wms.mapama.gob.es/sig/Agricultura/CaractAgroClimaticas?request=GetCapabilities&service=WMS,1,2,2,1,6,P1 - Alta,Útil para diagnóstico agroclimático municipal; WMS visual.,Revisada,https://idee.es/web/idee/segun-tipo-de-servicio,,,,,,,,
si,Agricultura,Calidad diferenciada DOP/IGP,Zonas de Calidad Diferenciada - Vinos,,,MAPA,WMS,https://wms.mapama.gob.es/sig/Alimentacion/CDVinos,Nacional,,BBOX,,Gratuita,No,WMS,Area Management/Restriction/Regulation Zones - AM,Visualización y consulta de zonas geográficas DOP/IGP de Vinos. Útil municipal para identificar pertenencia a denominaciones de origen vinícolas. Limitación: cobertura solo zonas amparadas.,https://wms.mapama.gob.es/sig/Alimentacion/CDVinos?request=GetCapabilities&service=WMS,1,1,2,1,5,P1 - Alta,Útil en muchos municipios por denominaciones vinícolas.,Revisada,https://idee.es/web/idee/segun-tipo-de-servicio,,,,,,,,
si,Agricultura,Comarcalización agraria,Comarcas Agrarias,,,MAPA,WMS,https://wms.mapama.gob.es/sig/Agricultura/ComarcasAgrarias,Nacional,,BBOX,,Gratuita,No,WMS,Agricultural and Aquaculture Facilities - AF,Delimitación de comarcas agrarias a nivel nacional. Útil como capa de contexto territorial supramunicipal para análisis agrarios. No aporta detalle a escala municipal pero permite ubicar el municipio en su comarca agraria.,https://wms.mapama.gob.es/sig/Agricultura/ComarcasAgrarias?request=GetCapabilities&service=WMS,1,1,2,1,5,P1 - Alta,Contexto supramunicipal agrario.,Revisada,https://idee.es/web/idee/segun-tipo-de-servicio,,,,,,,,
si,Agricultura,Regadíos,Zonas Regables de Interés Nacional,,,MAPA,WMS,https://wms.mapama.gob.es/sig/DesarrolloRural/Regadios/ZIN,Nacional,,BBOX,,Gratuita,No,WMS,Area Management/Restriction/Regulation Zones - AM,"Visualización y consulta de zonas regables declaradas de interés nacional. Útil municipal para identificar superficie regable bajo planes estatales. Limitación: solo zonas de interés nacional,  no incluye regadíos privados.",https://wms.mapama.gob.es/sig/DesarrolloRural/Regadios/ZIN?request=GetCapabilities&service=WMS,1,1,2,1,5,P1 - Alta,Cobertura efectiva parcial.,Revisada,https://idee.es/web/idee/segun-tipo-de-servicio,,,,,,,,
si,Agricultura,Usos del suelo agrícola,Mapa de cultivos (1980-1990),,,MAPA,WMS,https://wms.mapama.gob.es/sig/Agricultura/MapaCultivos1980-1990,Nacional,,BBOX,,Gratuita,No,WMS,Land Use - LU,Cartografía histórica de cultivos y aprovechamientos del suelo a nivel nacional. Visible a partir de escala 1:50.000. Utilidad municipal: análisis evolutivo de usos agrícolas históricos. Limitación: dato antiguo no representa la situación actual.,https://wms.mapama.gob.es/sig/Agricultura/MapaCultivos1980-1990?request=GetCapabilities&service=WMS,0,2,2,1,5,DESC - Descartada,Dato histórico obsoleto; riesgo si se usa como dato operativo actual.,Revisada,https://idee.es/web/idee/segun-tipo-de-servicio,,,,,,,,
si,Agricultura,Usos del suelo agrícola,Mapa de cultivos (2000-2010),,,MAPA,WMS,https://wms.mapama.gob.es/sig/Agricultura/MapaCultivos2000-2010,Nacional,,BBOX,,Gratuita,No,WMS,Land Use - LU,"Cartografía a nivel nacional sobre usos y aprovechamientos del suelo  actualización del MCA1980-1990, donde se delimitan y describen cultivos y aprovechamientos mediante códigos agrupados en usos y sobrecargas. Visible desde 1:50.000. Útil municipal para diagnóstico agrario; limitación: datos hasta 2010.",https://wms.mapama.gob.es/sig/Agricultura/MapaCultivos2000-2010?request=GetCapabilities&service=WMS,0,2,2,1,5,DESC - Descartada,Dato antiguo/incompleto para uso operativo actual.,Revisada,https://idee.es/web/idee/segun-tipo-de-servicio,,,,,,,,
si,Agricultura,Calidad diferenciada DOP/IGP,Zonas de Calidad Diferenciada - Aceites de Oliva Virgen,,,MAPA,WMS,https://wms.mapama.gob.es/sig/Alimentacion/CDAceiteOliva,Nacional,,BBOX,,Gratuita,No,WMS,Area Management/Restriction/Regulation Zones - AM,Visualización y consulta de zonas geográficas de la familia de productos Aceites de Oliva Virgen amparadas por DOP e IGP. Útil municipal para identificar pertenencia a DOP/IGP de aceite. Limitación: cobertura solo zonas donde el cultivo es pertinente,https://wms.mapama.gob.es/sig/Alimentacion/CDAceiteOliva?request=GetCapabilities&service=WMS,0,1,2,1,4,P2 - Media,Sectorial; útil solo en zonas/productos amparados.,Revisada,https://idee.es/web/idee/segun-tipo-de-servicio,,,,,,,,
si,Agricultura,Calidad diferenciada DOP/IGP,Zonas de Calidad Diferenciada - Aceitunas,,,MAPA,WMS,https://wms.mapama.gob.es/sig/Alimentacion/CDAceitunas,Nacional,,BBOX,,Gratuita,No,WMS,Area Management/Restriction/Regulation Zones - AM,Visualización y consulta de zonas geográficas de la familia de productos Aceitunas amparadas por DOP e IGP. Útil municipal para identificar pertenencia a DOP/IGP de aceitunas. Limitación: cobertura solo zonas amparadas.,https://wms.mapama.gob.es/sig/Alimentacion/CDAceitunas?request=GetCapabilities&service=WMS,0,1,2,1,4,P2 - Media,Sectorial; cobertura efectiva parcial.,Revisada,https://idee.es/web/idee/segun-tipo-de-servicio,,,,,,,,
si,Agricultura,Calidad diferenciada DOP/IGP,Zonas de Calidad Diferenciada - Arroces y Otros Cereales,,,MAPA,WMS,https://wms.mapama.gob.es/sig/Alimentacion/CDArroces,Nacional,,BBOX,,Gratuita,No,WMS,Area Management/Restriction/Regulation Zones - AM,Visualización y consulta de zonas geográficas DOP/IGP de Arroces y Otros Cereales. Útil municipal para identificar pertenencia a figuras de calidad. Limitación: cobertura solo zonas amparadas.,https://wms.mapama.gob.es/sig/Alimentacion/CDArroces?request=GetCapabilities&service=WMS,0,1,2,1,4,P2 - Media,Sectorial; útil en municipios concretos.,Revisada,https://idee.es/web/idee/segun-tipo-de-servicio,,,,,,,,
si,Agricultura,Calidad diferenciada DOP/IGP,Zonas de Calidad Diferenciada - Bebidas Espirituosas,,,MAPA,WMS,https://wms.mapama.gob.es/sig/Alimentacion/CDBebidasEspirituosas,Nacional,,BBOX,,Gratuita,No,WMS,Area Management/Restriction/Regulation Zones - AM,Visualización y consulta de zonas geográficas DOP/IGP de Bebidas Espirituosas. Útil municipal para identificar pertenencia a IG protegidas. Limitación: cobertura solo zonas amparadas.,https://wms.mapama.gob.es/sig/Alimentacion/CDBebidasEspirituosas?request=GetCapabilities&service=WMS,0,1,2,1,4,P2 - Media,Sectorial; cobertura efectiva parcial.,Revisada,https://idee.es/web/idee/segun-tipo-de-servicio,,,,,,,,
si,Agricultura,Calidad diferenciada DOP/IGP,Zonas de Calidad Diferenciada - Carnes Frescas,,,MAPA,WMS,https://wms.mapama.gob.es/sig/Alimentacion/CDCarnesFrescas,Nacional,,BBOX,,Gratuita,No,WMS,Area Management/Restriction/Regulation Zones - AM,Visualización y consulta de zonas geográficas DOP/IGP de Carnes Frescas. Útil municipal para identificar pertenencia a figuras de calidad. Limitación: cobertura solo zonas amparadas.,https://wms.mapama.gob.es/sig/Alimentacion/CDCarnesFrescas?request=GetCapabilities&service=WMS,0,1,2,1,4,P2 - Media,Sectorial.,Revisada,https://idee.es/web/idee/segun-tipo-de-servicio,,,,,,,,
si,Agricultura,Calidad diferenciada DOP/IGP,Zonas de Calidad Diferenciada - Condimentos y Especias,,,MAPA,WMS,https://wms.mapama.gob.es/sig/Alimentacion/CDCondimentosEspecias,Nacional,,BBOX,,Gratuita,No,WMS,Area Management/Restriction/Regulation Zones - AM,Visualización y consulta de las zonas geográficas disponibles para la familia de productos Condimentos y Especias amparadas por DOP e IGP. Útil municipal para identificar pertenencia. Limitación: cobertura solo zonas amparadas.,https://wms.mapama.gob.es/sig/Alimentacion/CDCondimentosEspecias?request=GetCapabilities&service=WMS,0,1,2,1,4,P2 - Media,Sectorial.,Revisada,https://idee.es/web/idee/segun-tipo-de-servicio,,,,,,,,
si,Agricultura,Calidad diferenciada DOP/IGP,Zonas de Calidad Diferenciada - Embutidos y Productos Cárnicos,,,MAPA,WMS,https://wms.mapama.gob.es/sig/Alimentacion/CDEmbutidos,Nacional,,BBOX,,Gratuita,No,WMS,Area Management/Restriction/Regulation Zones - AM,Visualización y consulta de zonas geográficas DOP/IGP de Embutidos y Productos Cárnicos. Útil municipal para identificar pertenencia. Limitación: cobertura solo zonas amparadas.,https://wms.mapama.gob.es/sig/Alimentacion/CDEmbutidos?request=GetCapabilities&service=WMS,0,1,2,1,4,P2 - Media,Sectorial.,Revisada,https://idee.es/web/idee/segun-tipo-de-servicio,,,,,,,,
si,Agricultura,Calidad diferenciada DOP/IGP,Zonas de Calidad Diferenciada - Frutas,,,MAPA,WMS,https://wms.mapama.gob.es/sig/Alimentacion/CDFrutas,Nacional,,BBOX,,Gratuita,No,WMS,Area Management/Restriction/Regulation Zones - AM,Visualización y consulta de zonas geográficas DOP/IGP de Frutas. Útil municipal para identificar pertenencia. Limitación: cobertura solo zonas amparadas.,https://wms.mapama.gob.es/sig/Alimentacion/CDFrutas?request=GetCapabilities&service=WMS,0,1,2,1,4,P2 - Media,Sectorial.,Revisada,https://idee.es/web/idee/segun-tipo-de-servicio,,,,,,,,
si,Agricultura,Calidad diferenciada DOP/IGP,Zonas de Calidad Diferenciada - Hortalizas y Verduras,,,MAPA,WMS,https://wms.mapama.gob.es/sig/Alimentacion/CDHortalizas,Nacional,,BBOX,,Gratuita,No,WMS,Area Management/Restriction/Regulation Zones - AM,Visualización y consulta de las zonas geográficas disponibles para la familia de productos Hortalizas amparadas por DOP e IGP. Útil municipal para identificar pertenencia. Limitación: cobertura solo zonas amparadas.,https://wms.mapama.gob.es/sig/Alimentacion/CDHortalizas?request=GetCapabilities&service=WMS,0,1,2,1,4,P2 - Media,Sectorial.,Revisada,https://idee.es/web/idee/segun-tipo-de-servicio,,,,,,,,
si,Agricultura,Calidad diferenciada DOP/IGP,Zonas de Calidad Diferenciada - Jamones,,,MAPA,WMS,https://wms.mapama.gob.es/sig/Alimentacion/CDJamones,Nacional,,BBOX,,Gratuita,No,WMS,Area Management/Restriction/Regulation Zones - AM,Visualización y consulta de las zonas geográficas disponibles para la familia de productos Jamones amparadas por DOP e IGP. Útil municipal para identificar pertenencia. Limitación: cobertura solo zonas amparadas.,https://wms.mapama.gob.es/sig/Alimentacion/CDJamones?request=GetCapabilities&service=WMS,0,1,2,1,4,P2 - Media,Sectorial.,Revisada,https://idee.es/web/idee/segun-tipo-de-servicio,,,,,,,,
si,Agricultura,Calidad diferenciada DOP/IGP,Zonas de Calidad Diferenciada - Legumbres,,,MAPA,WMS,https://wms.mapama.gob.es/sig/Alimentacion/CDLegumbres,Nacional,,BBOX,,Gratuita,No,WMS,Area Management/Restriction/Regulation Zones - AM,Visualización y consulta de las zonas geográficas disponibles para la familia de productos Legumbres amparadas por DOP e IGP. Útil municipal para identificar pertenencia. Limitación: cobertura solo zonas amparadas.,https://wms.mapama.gob.es/sig/Alimentacion/CDLegumbres?request=GetCapabilities&service=WMS,0,1,2,1,4,P2 - Media,Sectorial.,Revisada,https://idee.es/web/idee/segun-tipo-de-servicio,,,,,,,,
si,Agricultura,Calidad diferenciada DOP/IGP,Zonas de Calidad Diferenciada - Mieles,,,MAPA,WMS,https://wms.mapama.gob.es/sig/Alimentacion/CDMieles,Nacional,,BBOX,,Gratuita,No,WMS,Area Management/Restriction/Regulation Zones - AM,Visualización y consulta de zonas geográficas DOP/IGP de Mieles. Útil municipal para identificar pertenencia. Limitación: cobertura solo zonas amparadas.,https://wms.mapama.gob.es/sig/Alimentacion/CDMieles?request=GetCapabilities&service=WMS,0,1,2,1,4,P2 - Media,Sectorial.,Revisada,https://idee.es/web/idee/segun-tipo-de-servicio,,,,,,,,
si,Agricultura,Calidad diferenciada DOP/IGP,Zonas de Calidad Diferenciada - Pescados Moluscos y Crustáceos,,,MAPA,WMS,https://wms.mapama.gob.es/sig/Alimentacion/CDPescado,Nacional,,BBOX,,Gratuita,No,WMS,Area Management/Restriction/Regulation Zones - AM,Visualización y consulta de zonas geográficas DOP/IGP de Pescados Moluscos y Crustáceos. Útil municipal en zonas costeras para identificar pertenencia. Limitación: cobertura solo zonas amparadas.,https://wms.mapama.gob.es/sig/Alimentacion/CDPescado?request=GetCapabilities&service=WMS,0,1,2,1,4,P2 - Media,Sectorial; especialmente municipios costeros.,Revisada,https://idee.es/web/idee/segun-tipo-de-servicio,,,,,,,,
si,Agricultura,Calidad diferenciada DOP/IGP,Zonas de Calidad Diferenciada - Productos de Panadería Pastelería Repostería,,,MAPA,WMS,https://wms.mapama.gob.es/sig/Alimentacion/CDPanaderia,Nacional,,BBOX,,Gratuita,No,WMS,Area Management/Restriction/Regulation Zones - AM,"Visualización y consulta de zonas geográficas DOP/IGP de Productos de Panadería, Pastelería y Repostería. Útil municipal para identificar pertenencia. Limitación: cobertura solo zonas amparadas.",https://wms.mapama.gob.es/sig/Alimentacion/CDPanaderia?request=GetCapabilities&service=WMS,0,1,2,1,4,P2 - Media,Sectorial; registro incompleto en origen.,Revisada,https://idee.es/web/idee/segun-tipo-de-servicio,,,,,,,,
si,Agricultura,Calidad diferenciada DOP/IGP,Zonas de Calidad Diferenciada - Quesos y Mantequillas,,,MAPA,WMS,https://wms.mapama.gob.es/sig/Alimentacion/CDQuesos,Nacional,,BBOX,,Gratuita,No,WMS,Area Management/Restriction/Regulation Zones - AM,Visualización y consulta de las zonas geográficas disponibles para la familia de productos Quesos y Mantequillas amparadas por DOP e IGP. Útil municipal para identificar pertenencia. Limitación: cobertura solo zonas amparadas.,https://wms.mapama.gob.es/sig/Alimentacion/CDQuesos?request=GetCapabilities&service=WMS,0,1,2,1,4,P2 - Media,Sectorial.,Revisada,https://idee.es/web/idee/segun-tipo-de-servicio,,,,,,,,
si,Agricultura,Calidad diferenciada DOP/IGP,Zonas de Calidad Diferenciada - Sidra,,,MAPA,WMS,https://wms.mapama.gob.es/sig/Alimentacion/CDSidra,Nacional,,BBOX,,Gratuita,No,WMS,Area Management/Restriction/Regulation Zones - AM,Visualización y consulta de las zonas geográficas disponibles para la familia de productos Sidra amparadas por DOP e IGP. Útil municipal para identificar pertenencia. Limitación: cobertura solo zonas amparadas.,https://wms.mapama.gob.es/sig/Alimentacion/CDSidra?request=GetCapabilities&service=WMS,0,1,2,1,4,P2 - Media,Sectorial.,Revisada,https://idee.es/web/idee/segun-tipo-de-servicio,,,,,,,,
si,Agricultura,Calidad diferenciada DOP/IGP,Zonas de Calidad Diferenciada - Vinagres,,,MAPA,WMS,https://wms.mapama.gob.es/sig/Alimentacion/CDVinagres,Nacional,,BBOX,,Gratuita,No,WMS,Area Management/Restriction/Regulation Zones - AM,Visualización y consulta de las zonas geográficas disponibles para la familia de productos Vinagres amparadas por DOP e IGP. Útil municipal para identificar pertenencia. Limitación: cobertura solo zonas amparadas.,https://wms.mapama.gob.es/sig/Alimentacion/CDVinagres?request=GetCapabilities&service=WMS,0,1,2,1,4,P2 - Media,Sectorial.,Revisada,https://idee.es/web/idee/segun-tipo-de-servicio,,,,,,,,
si,Agricultura,Vías pecuarias,,,,,,,,,,,,,,,,,,,,,,,,Pendiente,,,,,,,,,
si,Cartografia base e imagenes,Base topográfica ,Base Topográfica Nacional,,,IGN / CNIG,XYZ,https://www.ign.es/wmts/primera-edicion-mtn,Nacional,,BBOX,,Gratuita,No,PBF,No aplica estrictamente / cartografía histórica,Útil para análisis histórico-territorial y comparación con cartografía actual. No es fuente municipal directa.,na,2,2,2,2,8,P0 - MVP,"Base oficial esencial, integrable como teselas.",Revisada,https://www.ign.es/web/ide-area-nodo-ide-ign,,,,,,,,
si,Cartografia base e imagenes,Cartografía raster,Cartografía Ráster de España del IGN,,,IGN / CNIG,WMTS,https://www.ign.es/wmts/mapa-raster,Nacional ,,BBOX,,Gratuita,No,Imagen teselada / WMS,Base cartográfica,Muy útil como capa base general para carga más rápida,https://www.ign.es/wmts/mapa-raster?request=GetCapabilities&service=WMTS,2,2,2,2,8,P0 - MVP,Base cartográfica oficial teselada.,Revisada,Infraestructuras de Datos Espaciales - Instituto Geográfico Nacional,,,,,,,,
si,Cartografia base e imagenes,Cartografía raster,Cartografía Ráster de España del IGN,,,IGN / CNIG,XYZ,https://tms-mapa-raster.ign.es/1.0.0/mapa-raster/{z}/{x}/{-y}.jpeg,Nacional ,,BBOX,,Gratuita,No,JPEG,Base cartográfica,Muy útil como capa base general para carga más rápida,na,2,2,2,2,8,P0 - MVP,Muy fácil de integrar como capa base.,Revisada,Infraestructuras de Datos Espaciales - Instituto Geográfico Nacional,,,,,,,,
si,Cartografia base e imagenes,Mapa base completo,Mapa Base de España - IGNBaseTodo,,,IGN / CNIG / IDEE,XYZ raster tiles,https://tms-ign-base.idee.es/1.0.0/IGNBaseTodo/{z}/{x}/{-y}.jpeg,Nacional,,BBOX,,Gratuita,No,JPEG,Nombres geográficos; unidades administrativas; redes de transporte; hidrografía; elevación,Mapa base ráster completo para visualización; usa coordenada {-y}; requiere cliente compatible con TMS/XYZ invertido; atribución IGN-CNIG/IDEE obligatoria,na,2,2,2,2,8,P0 - MVP,Capa base oficial esencial.,Revisada,https://www.ign.es/web/ide-area-nodo-ide-ign | https://www.ign.es/web/ign/portal/politica-datos,,,,,,,,
si,Cartografia base e imagenes,Mapa base con ortofoto,Mapa Base de España - IGNBaseOrto,,,IGN / CNIG / IDEE,XYZ/TMS raster tiles,https://tms-ign-base.idee.es/1.0.0/IGNBaseOrto/{z}/{x}/{-y}.png,Nacional,,BBOX,,Gratuita,No,PNG,Ortoimágenes; nombres geográficos; redes de transporte; unidades administrativas,Mapa base ráster orientado a visualización sobre ortofoto; usa coordenada {-y}; requiere cliente compatible con TMS/XYZ invertido; atribución IGN-CNIG/IDEE obligatoria,na,2,2,2,2,8,P0 - MVP,Base oficial con ortofoto.,Revisada,https://www.ign.es/web/ide-area-nodo-ide-ign | https://www.ign.es/web/ign/portal/politica-datos,,,,,,,,
si,Cartografia base e imagenes,Mapa base simplificado,Mapa Base de España - IGNBaseSimplificado,,,IGN / CNIG / IDEE,XYZ/TMS raster tiles,https://tms-ign-base.idee.es/1.0.0/IGNBaseSimplificado/{z}/{x}/{-y}.png,Nacional,,BBOX,,Gratuita,No,PNG,Nombres geográficos; unidades administrativas; redes de transporte; hidrografía,Mapa base ráster simplificado para visualización; usa coordenada {-y}; requiere cliente compatible con TMS/XYZ invertido; atribución IGN-CNIG/IDEE obligatoria,na,2,2,2,2,8,P0 - MVP,Base ligera oficial.,Revisada,https://www.ign.es/web/ide-area-nodo-ide-ign | https://www.ign.es/web/ign/portal/politica-datos,,,,,,,,
si,Cartografia base e imagenes,Mapa base vectorial,Mapa Base de España,,,IGN / CNIG,WMTS,https://www.ign.es/wmts/ign-base,Nacional,,BBOX,,Gratuita,No,Imagen teselada / WMTS,Base cartográfica,Teselas vectoriales,https://www.ign.es/wmts/ign-base?request=GetCapabilities&service=WMTS,2,2,2,2,8,P0 - MVP,Base oficial teselada.,Revisada,Infraestructuras de Datos Espaciales - Instituto Geográfico Nacional,,,,,,,,
si,Cartografia base e imagenes,Mapa base vectorial,Mapa Ciudadano,,,Sistema Cartográfico Nacional / IDEE / IGN-CNIG,XYZ vector tiles / MVT,https://vt-mapabase.idee.es/1.0.0/mapabase/{z}/{x}/{y}.pbf,Nacional,,BBOX,,Gratuita,No,PBF / Mapbox Vector Tile; estilos JSON,"Varios: unidades administrativas, redes de transporte, hidrografía, nombres geográficos, elevación",Servicio de teselas vectoriales para visualización; requiere cliente compatible MVT y estilo; atribución IGN-CNIG/SCN; no es un endpoint de descarga masiva ni de consulta alfanumérica,na,2,2,2,2,8,P0 - MVP,Vector tiles oficiales; alta utilidad.,Revisada,https://www.ign.es/web/ide-area-nodo-ide-ign,,,,,,,,
si,Cartografia base e imagenes,Modelos digitales de elevaciones,Modelo Digital de Elevaciones de España,,,IGN-CNIG / IDEE,XYZ raster tiles,https://xyz-mdt.idee.es/1.0.0/raster-dem/{z}/{x}/{y}.png,Nacional,,BBOX,,Gratuita,No,PNG,Elevation - EL,Servicio ráster de visualización derivado de modelos digitales de elevación; usa esquema XYZ estándar con {y}; no sustituye a la descarga de MDT/MDE para análisis cuantitativo; atribución IGN-CNIG obligatoria,na,2,2,2,2,8,P0 - MVP,Elevación básica útil para análisis municipal.,Revisada,https://www.ign.es/web/ide-area-nodo-ide-ign,,,,,,,,
si,Cartografia base e imagenes,Modelos digitales de elevaciones,Modelo Digital del Terreno de España,,,IGN / CNIG,WMTS,https://servicios.idee.es/wmts/mdt,Nacional ,,BBOX,,Gratuita,No,Imagen WMS,Elevation - EL,"Útil para altitud, relieve, sombreado, pendientes y análisis territorial. El WMS sirve para visualización; GetFeature disponible. Para análisis se requiere MDT descargable o WCS/API Coverages.",https://wmts-mapa-lidar.idee.es/lidar?request=GetCapabilities&service=WMTS,2,2,2,2,8,P0 - MVP,MDT oficial teselado.,Revisada,https://www.ign.es/web/ide-area-nodo-ide-ign,,,,,,,,
si,Cartografia base e imagenes,Ortofotos,Ortoimágenes de España (satélite Sentinel2 y ortofotos del PNOA máxima actualidad y ortoimágenes verdaderas núcleos urbanos),,,IGN / CNIG / PNOA,WMTS ,https://www.ign.es/wmts/pnoa-ma,Nacional,,BBOX,,Gratuita,No,Imagen WMS,Orthoimagery - OI,"Ortoimagen, zonas de delimitación, imagen de fondo",https://www.ign.es/wmts/pnoa-ma?request=GetCapabilities&service=WMTS,2,2,2,2,8,P0 - MVP,Ortofoto oficial teselada.,Revisada,https://www.ign.es/web/ide-area-nodo-ide-ign,,,,,,,,
si,Cartografia base e imagenes,Ortofotos,Ortoimágenes MA de España - Sentinel2 y PNOA MA,,,IGN-CNIG / IDEE / PNOA,XYZ/TMS raster tiles,https://tms-pnoa-ma.idee.es/1.0.0/pnoa-ma/{z}/{x}/{-y}.jpeg,Nacional,,BBOX,,Gratuita,No,JPEG,Orthoimagery - OI,Servicio de visualización de ortoimágenes de máxima actualidad; combina disponibilidad de PNOA MA y Sentinel-2 según escala/zona; usa coordenada {-y}; atribución IGN-CNIG/PNOA obligatoria,na,2,2,2,2,8,P0 - MVP,Muy fácil de integrar como ortofoto base.,Revisada,https://www.ign.es/web/ide-area-nodo-ide-ign,,,,,,,,
si,Cartografia base e imagenes,Cartografía raster,Cartografía Ráster de España del IGN,,,IGN / CNIG,WMS,https://www.ign.es/wms-inspire/mapa-raster,Nacional ,,BBOX,,Gratuita,No,WMS,Base cartográfica,Muy útil como capa base general.,ign.es/wms-inspire/mapa-raster?request=GetCapabilities&service=WMS,2,2,2,1,7,P0 - MVP,Base cartográfica oficial.,Revisada,Infraestructuras de Datos Espaciales - Instituto Geográfico Nacional,,,,,,,,
si,Cartografia base e imagenes,Mapa base vectorial,Mapa Base de España,,,IGN / CNIG,WMS / Descarga,https://www.ign.es/wms-inspire/ign-base,Nacional,,BBOX,,Gratuita,No,WMS / GeoTIFF,Base cartográfica,Servicio nacional de teselas vectoriales. No permite consulta directa por municipio; la adaptación municipal se realiza centrando el visor en el bbox/geometría del municipio y superponiendo su límite administrativo,ign.es/wms-inspire/ign-base?request=GetCapabilities&service=WMS,2,2,2,1,7,P0 - MVP,Base oficial; WMS menos flexible que vector tiles.,Revisada,Infraestructuras de Datos Espaciales - Instituto Geográfico Nacional,,,,,,,,
si,Cartografia base e imagenes,Modelos digitales de elevaciones,Modelo Digital del Terreno de España,,,IGN / CNIG,WMS,https://servicios.idee.es/wms-inspire/mdt,Nacional,,BBOX,,Gratuita,No,Imagen WMS,Elevation - EL,"Útil para altitud, relieve, sombreado, pendientes y análisis territorial. El WMS sirve para visualización; GetFeature disponible. Para análisis se requiere MDT descargable o WCS/API Coverages.",https://servicios.idee.es/wms-inspire/mdt?request=GetCapabilities&service=WMS,2,2,2,1,7,P0 - MVP,MDT oficial; WMS visual.,Revisada,https://www.ign.es/web/ide-area-nodo-ide-ign,,,,,,,,
si,Cartografia base e imagenes,Ortofotos,Ortoimágenes de España (satélite Sentinel2 y ortofotos del PNOA máxima actualidad y ortoimágenes verdaderas núcleos urbanos),,,IGN / CNIG / PNOA,WMS,https://www.ign.es/wms-inspire/pnoa-ma,Nacional,,BBOX,,Gratuita,No,Imagen WMS,Orthoimagery - OI,"Ortoimagen, zonas de delimitación, imagen de fondo",https://www.ign.es/wms-inspire/pnoa-ma?request=GetCapabilities&service=WMS,2,2,2,1,7,P0 - MVP,Ortofoto oficial esencial.,Revisada,https://www.ign.es/web/ide-area-nodo-ide-ign,,,,,,,,
si,Cartografia base e imagenes,Relieve del terreno,Relieve del terreno de España - MDT 25 m,,,IGN-CNIG / IDEE,XYZ/TMS raster tiles,https://tms-relieve.idee.es/1.0.0/relieve/{z}/{x}/{-y}.jpeg,Nacional,,BBOX,,Gratuita,No,JPEG,Elevación,"Servicio ráster de visualización del relieve derivado del MDT con paso de malla 25 m; usa coordenada {-y}; adecuado como capa de contexto, no como dato analítico de elevación; atribución IGN-CNIG obligatoria",na,1,2,2,2,7,P0 - MVP,Capa base de relieve muy útil.,Revisada,https://www.ign.es/web/ide-area-nodo-ide-ign,,,,,,,,
si,Cartografia base e imagenes,Geodesia y sistemas de referencia,Redes Geodésicas del IGN de España,,,IGN-CNIG,OGC WFS,https://www.ign.es/wfs/redes-geodesicas,Nacional,,BBOX,,Gratuita,No,GML/ XML/application/json,Coordinate Reference Systems - RS / Geographical Grid Systems - GG,"No usa ruta wfs-inspire, pero la temática se relaciona con los sistemas de referencia y la infraestructura geodésica. Requiere cliente compatible WFS; atribución IGN-CNIG obligatoria",https://www.ign.es/wfs/redes-geodesicas?service=WFS&request=GetCapabilities,0,2,2,2,6,P1 - Alta,Vectorial oficial; uso técnico.,Revisada,https://www.ign.es/wfs/redes-geodesicas | https://www.ign.es/web/ide-area-nodo-ide-ign,,,,,,,,
si,Cartografia base e imagenes,Modelos digitales de elevaciones,Modelo Digital de Superficies LiDAR de España,,,IDEE,WMTS / Descarga,https://wmts-mapa-lidar.idee.es/lidar,Nacional,,BBOX,,Gratuita,No,WMTS,Elevaciones, A partir de las nubes de puntos LiDAR correspondientes a la primera cobertura del proyecto PNOA-LiDAR ,https://wmts-mapa-lidar.idee.es/lidar?request=GetCapabilities&service=WMTS,1,2,2,1,6,P1 - Alta,"Muy útil, pero más pesada/especializada.",Revisada,https://www.ign.es/web/ide-area-nodo-ide-ign,,,,,,,,
si,Cartografia base e imagenes,Ortofotos,Ortofotos históricas de España y PNOA anual,,,IGN / CNIG / PNOA,WMS,https://www.ign.es/wms/pnoa-historico,Nacional,,BBOX,,Gratuita,No,Imagen WMS,Orthoimagery - OI,Puede no estar disponible homogéneamente en todo el territorio.,https://www.ign.es/wms/pnoa-historico?request=GetCapabilities&service=WMS,1,2,2,1,6,P1 - Alta,Muy útil para comparación temporal.,Revisada,https://www.ign.es/web/ide-area-nodo-ide-ign,,,,,,,,
si,Cartografia base e imagenes,Pendientes,Modelo Digital de Pendientes de España,,,IGN-CNIG / IDEE,OGC WCS 2.0.1,https://wcs-pendientes.idee.es/pendientes,Nacional ,,BBOX,,Gratuita,No,WCS: formatos según GetCapabilities; producto asociado en COG / GeoTIFF,Elevation - EL,Servicio de descarga de coberturas ráster. El MDP05 tiene paso de malla de 5 m y almacena el valor de la pendiente en grados sexagesimales; derivado del MDT-LiDAR de 1ª cobertura. Requiere cliente compatible WCS; no es un servicio vectorial ni de consulta alfanumérica municipal,https://wcs-pendientes.idee.es/pendientes?request=GetCapabilities&service=WCS&version=2.0.1,1,2,2,1,6,P1 - Alta,Útil para análisis territorial; WCS más complejo.,Revisada,https://www.ign.es/web/ide-area-nodo-ide-ign,,,,,,,,
si,Cartografia base e imagenes,Pendientes,Modelo Digital de Pendientes MDP05WMS,,,IGN / CNIG,WMS,https://wms-pendientes.idee.es/pendientes,Nacional,,BBOX,,Gratuita,No,Imagen WMS,Elevation - EL,"Útil para análisis territorial, accesibilidad, riesgos y planeamiento. Como WMS es visual; para análisis cuantitativo se requiere raster o servicio de coberturas asociado.",https://wms-pendientes.idee.es/pendientes?request=GetCapabilities&service=WMS,1,2,2,1,6,P1 - Alta,Pendientes oficiales; WMS visual.,Revisada,https://www.ign.es/web/ide-area-nodo-ide-ign,,,,,,,,
si,Cartografia base e imagenes,Base topográfica ,Minutas del Mapa Topográfico Nacional 1:50.000 (catastrones) 1910-1970,,,IGN / CNIG,WMS,https://www.ign.es/wms/primera-edicion-mtn,Nacional,,BBOX,,Gratuita,No,Imagen WMS,No aplica estrictamente / cartografía histórica,Útil para análisis histórico-territorial y comparación con cartografía actual. No es fuente municipal directa.,https://www.ign.es/wms/primera-edicion-mtn?request=GetCapabilities&service=WMS,0,2,2,1,5,P1 - Alta,Cartografía histórica; útil para análisis evolutivo.,Revisada,https://www.ign.es/web/ide-area-nodo-ide-ign,,,,,,,,
si,Cartografia base e imagenes,Cuadrículas cartográficas,Cuadrículas cartográficas,,,IGN / CNIG,WMS,https://www.ign.es/wms-inspire/cuadriculas,Nacional,,BBOX,,Gratuita,No,Imagen WMS,Geographical Grid Systems - GG,"Útil para mostrar hojas, cuadrículas o marcos cartográficos de referencia. No es una fuente municipal directa.",ign.es/wms-inspire/cuadriculas?request=GetCapabilities&service=WMS,0,2,2,1,5,P1 - Alta,"Útil como referencia cartográfica, no esencial.",Revisada,Infraestructuras de Datos Espaciales - Instituto Geográfico Nacional,,,,,,,,
si,Cartografia base e imagenes,Fototeca / vuelos fotogramétricos históricos,Fototeca,,,IGN / CNIG,WMS,https://wms-fototeca.idee.es/fototeca,Nacional,,BBOX,,Gratuita,No,Imagen WMS,Orthoimagery - OI,Permite visualizar coberturas/vuelos históricos disponibles. La disponibilidad temporal y espacial puede variar según zona.,https://wms-fototeca.idee.es/fototeca?request=GetCapabilities&service=WMS,0,2,2,1,5,P1 - Alta,Histórica; útil para consulta/evolución territorial.,Revisada,https://www.ign.es/web/ide-area-nodo-ide-ign,,,,,,,,
si,Cartografia base e imagenes,Geodesia y sistemas de referencia,Redes Geodésicas del IGN de España,,,IGN / CNIG / IDEE,WMS,https://www.ign.es/wms-inspire/redes-geodesicas,Nacional ,,BBOX,,Gratuita,No,Imagen WMS; datos vectoriales en servicios asociados,Coordinate Reference Systems - RS / Geographical Grid Systems - GG,"Útil para aplicaciones técnicas, topografía y referencia geodésica. No suele ser prioritaria para un visor municipal generalista.",https://www.ign.es/wms-inspire/redes-geodesicas?request=GetCapabilities&service=WMS,0,2,2,1,5,P1 - Alta,Técnica; útil para aplicaciones especializadas.,Revisada,https://www.ign.es/web/ide-area-nodo-ide-ign,,,,,,,,
si,Cartografia base e imagenes,Modelos digitales de elevaciones,"Modelo Digital de Superficies de España - 5 y 2,5 m",,,IGN-CNIG / IDEE,OGC WCS 2.0.1,https://wcs-mds.idee.es/mds,Nacional,,BBOX,,Gratuita,No,WCS: formatos según GetCapabilities; productos asociados en COG / GeoTIFF,Elevation - EL,"Servicio WCS para descarga de coberturas del MDS. Incluye MDS de 5 m y modelos normalizados de superficies de vegetación y edificación de 2,5 m. Derivado de nubes de puntos LiDAR PNOA; las coberturas normalizadas expresan alturas relativas al suelo, no altitudes ortométricas. Requiere cliente compatible WCS",https://wcs-mds.idee.es/mds?request=GetCapabilities&service=WCS&version=2.0.1,1,2,2,0,5,DESC - Descartada,Registro incompleto: falta endpoint y tipo integrable.,Revisada,https://www.ign.es/web/ide-area-nodo-ide-ign,,,,,,,,
si,Cartografia base e imagenes,Mosaicos de satélite históricos,Mosaicos de Satélite históricos de España,,,IGN / CNIG,WMS,https://wms-satelites-historicos.idee.es/satelites-historicos,Nacional,,BBOX,,Gratuita,No,Imagen WMS,Orthoimagery - OI / Environmental Monitoring Facilities - EF,Útil para análisis temporal y visualización histórica del territorio. La disponibilidad temporal puede variar.,https://wms-satelites-historicos.idee.es/satelites-historicos?request=GetCapabilities&service=wms,0,2,2,1,5,P1 - Alta,Histórico; útil para análisis evolutivo.,Revisada,https://www.ign.es/web/ide-area-nodo-ide-ign,,,,,,,,
si,Cartografia base e imagenes,Planimetrías y minutas cartográficas,Planimetrías de España(1870-1950),,,IGN / CNIG,WMS,https://www.ign.es/wms/minutas-cartograficas,Nacional,,BBOX,,Gratuita,No,Imagen WMS,No aplica estrictamente / cartografía histórica,"Útil para patrimonio, evolución urbana e historia territorial. La disponibilidad y calidad puede variar por zona.",https://www.ign.es/wms/minutas-cartograficas?request=GetCapabilities&service=WMS,0,2,2,1,5,P1 - Alta,"Histórica; valor para estudios, no MVP.",Revisada,https://www.ign.es/web/ide-area-nodo-ide-ign,,,,,,,,
si,Cartografia base e imagenes,Base topográfica ,"Primera edición del MTN50, MTN25 y Minutas MTN50 (catastrones) (1910-1970) de España",,,IGN / CNIG,WMTS,https://www.ign.es/wmts/primera-edicion-mtn,Nacional,,BBOX,,Gratuita,No,Imagen WMTS,No aplica estrictamente / cartografía histórica,Útil para análisis histórico-territorial y comparación con cartografía actual. No es fuente municipal directa.,https://www.ign.es/wmts/primera-edicion-mtn?request=GetCapabilities&service=WMTS,0,2,2,0,4,DESC - Descartada,Registro incompleto: falta endpoint/tipo operativo.,Revisada,https://www.ign.es/web/ide-area-nodo-ide-ign,,,,,,,,
si,Cartografia base e imagenes,Modelos digitales de elevaciones,"Modelos Digitales del Terreno de España - 1000, 200, 25 y 5 m",,,IGN-CNIG / IDEE,OGC WCS 2.0.1,https://servicios.idee.es/wcs-inspire/mdt,Nacional,,BBOX,,Gratuita,No,"GeoTIFF; ASCII; PNG; JPEG; GIF; multipart GML + ráster, según WCS",Elevation - EL,"Servicio de descarga WCS de MDT conforme a INSPIRE. Los MDT contienen altitudes ortométricas y se ofrecen en varios sistemas de referencia, entre ellos ETRS89-UTM30, REGCAN95-UTM28 y ETRS89 geográficas. La documentación oficial también menciona cobertura de 500 m en el WCS, aunque el listado del IGN agrupa el servicio como 1000, 200, 25 y 5 m. Requiere cliente compatible WCS y conviene limitar las peticiones por bbox para evitar descargas pesadas",https://servicios.idee.es/wcs-inspire/mdt?request=GetCapabilities&service=WCS&version=2.0.1,0,2,2,0,4,DESC - Descartada,Registro incompleto y producto demasiado general.,Revisada,https://www.ign.es/web/ide-area-nodo-ide-ign,,,,,,,,
si,Cartografia base e imagenes,Ortofotos ,WMS de ortofotos expeditas y rápidas (provisionales) del PNOA de España,,,IGN / CNIG / PNOA,WMS,https://wms-pnoa.idee.es/pnoa-provisionales,Nacional,,BBOX,,Gratuita,No,Imagen WMS,Orthoimagery - OI,No disponible homogéneamente en todo el territorio. ,https://wms-pnoa.idee.es/pnoa-provisionales?&service=WMS&request=GetCapabilities,0,1,2,1,4,P2 - Media,"Cobertura desigual/provisional, útil en emergencias.",Revisada,https://www.ign.es/web/ide-area-nodo-ide-ign,,,,,,,,
si,Cartografia base e imagenes,Cartografía histórica urbana,Hojas kilométricas Madrid - 1860,,,IGN / CNIG,WMS,https://www.ign.es/wms/hojas-kilometricas,provincial,28,BBOX,,Gratuita,No,Imagen WMS,No aplica estrictamente / cartografía histórica,"Capa histórica específica, no aplicable a todos los municipios de España. Útil para análisis histórico urbano en Madrid o zona cubierta.",https://www.ign.es/wms/hojas-kilometricas?request=GetCapabilities&service=WMS,0,0,2,1,3,DESC - Descartada,Cobertura demasiado localizada para app municipal replicable nacional.,Revisada,https://www.ign.es/web/ide-area-nodo-ide-ign,,,,,,,,
si,Cartografia base e imagenes,Cartografía histórica urbana,Planos históricos de Madrid (1622-1960),,,IGN / CNIG,WMTS,https://www.ign.es/wmts/planos,provincial,28,BBOX,,Gratuita,No,Imagen WMTS,No aplica estrictamente / cartografía histórica,"Capa histórica específica, no aplicable a todos los municipios de España. Útil para análisis histórico urbano en Madrid o zona cubierta.",https://www.ign.es/wmts/planos?request=GetCapabilities&service=WMTS,0,0,2,1,3,DESC - Descartada,Cobertura demasiado localizada.,Revisada,https://www.ign.es/web/ide-area-nodo-ide-ign,,,,,,,,
si,Catastro y edificación,Callejero y direcciones,Direcciones,,,CartoCiudad / IGN-CNIG,OGC WFS / WFS INSPIRE,https://www.cartociudad.es/wfs-inspire/direcciones,Nacional,,BBOX,,Gratuita,No,GML / XML,Addresses - AD,decuado para descarga y consulta de objetos geográficos; para usos masivos conviene acotar por bbox/filtros. Requiere cliente compatible WFS. Atribución obligatoria según condiciones IGN-CNIG/CartoCiudad,https://www.cartociudad.es/wfs-inspire/direcciones?service=WFS&request=GetCapabilities,2,2,2,2,8,P0 - MVP,Direcciones oficiales; esencial para búsqueda/localización.,Revisada,https://www.cartociudad.es/wfs-inspire/direcciones | https://www.ign.es/web/ide-area-nodo-ide-ign | https://www.cartociudad.es/web/portal/direcciones-postales,,,,,,,,
si,Catastro y edificación,Callejero y direcciones,Direcciones,,,IDEE,WFS,https://www.cartociudad.es/wfs-inspire/direcciones,Nacional,,BBOX,,Gratuita,No,GML/XML,Addresses - AD,Fuente esencial para geocodificación y localización de portales; permite consulta de atributos.,https://www.cartociudad.es/wfs-inspire/direcciones?request=GetCapabilities&service=WFS,2,2,2,2,8,P0 - MVP,Fuente oficial de referencia nacional para direcciones; gratuita y técnica integrable para servicios de geocodificación municipal.,Revisada,https://idee.es/segun-tipo-de-servicio,,,,,,,,
si,Catastro y edificación,Callejero y direcciones,Direcciones y códigos postales de España,,,IDEE,WMS ,https://www.cartociudad.es/wms-inspire/direcciones-ccpp,Nacional,,BBOX,,Gratuita,No,Imagen WMS; posible GetFeatureInfo si está habilitado,Addresses - AD,"Muy útil para contexto urbano, direcciones y códigos postales. Como WMS es principalmente visual; para explotación analítica conviene revisar WFS/API de CartoCiudad.",cartociudad.es/wms-inspire/direcciones-ccpp?request=GetCapabilities&service=WMS,2,2,2,1,7,P0 - MVP,Muy útil como contexto urbano; WMS visual.,Revisada,Infraestructuras de Datos Espaciales - Instituto Geográfico Nacional,,,,,,,,
si,Catastro y edificación,Callejero y direcciones,Direcciones ,,,DGC,WFS,https://ovc.catastro.meh.es/INSPIRE/wfsAD.aspx,Nacional,,BBOX,,Gratuita,No,GML,Addresses - AD,Direcciones oficiales vinculadas a la referencia catastral; requiere tratamiento de GML INSPIRE.,https://ovc.catastro.meh.es/INSPIRE/wfsAD.aspx?request=GetCapabilities&service=WFS,2,2,2,2,8,P0 - MVP,Dato oficial indispensable para gestión tributaria y vinculación con el parcelario; alta confianza y disponibilidad nacional.,Revisada,https://idee.es/segun-tipo-de-servicio,,,,,,,,
si,Catastro y edificación,Edificaciones catastrales,Edificaciones,,,DGC,WFS,https://ovc.catastro.meh.es/INSPIRE/wfsBU.aspx,Nacional,,BBOX,,Gratuita,No,WMS,Buildings - BU,WMS INSPIRE de edificaciones catastrales; soporta GetFeatureInfo. Cobertura peninsular e insular; excluye territorios forales.,ovc.catastro.meh.es/INSPIRE/wfsBU.aspx?request=GetCapabilities&service=WFS,2,2,2,2,8,P0 - MVP,,Revisada,https://idee.es/web/idee/segun-tipo-de-servicio,,,,,,,,
si,Catastro y edificación,Edificaciones catastrales,Edificaciones,,,DGC,ATOM,https://www.catastro.hacienda.gob.es/INSPIRE/buildings/ES.SDGC.bu.atom.xml,Nacional,,FILTRABLE,,Gratuita,No,GML,Buildings - BU,ATOM feed de edificaciones catastrales filtrable por municipio (código INE). Ideal para ETL municipal. Excluye territorios forales.,https://www.catastro.hacienda.gob.es/INSPIRE/buildings/ES.SDGC.bu.atom.xml,2,2,2,2,8,P0 - MVP,,Revisada,Geoportal IDEE,,,,,,,,
si,Catastro y edificación,Parcelario catastral,Cartografía catastral,,,DGC,WMS,http://ovc.catastro.meh.es/Cartografia/WMS/ServidorWMS.aspx,Nacional,,BBOX,,Gratuita,No,WMS,Cadastral Parcels - CP,Parcelas catastrales; soporta GetFeatureInfo por referencia catastral. Cobertura peninsular e insular; excluye Navarra y País Vasco.,ovc.catastro.meh.es/Cartografia/WMS/ServidorWMS.aspx?request=GetCapabilities&service=WMS,2,2,2,2,8,P0 - MVP,"Fuente oficial esencial para análisis municipal y parcelario; gratuita, sin registro y con GetFeatureInfo, aunque excluye Navarra y País Vasco.",Revisada,https://idee.es/web/idee/segun-tipo-de-servicio,,,,,,,,
si,Catastro y edificación,Parcelario catastral,Parcelas Catastrales,,,DGC,ATOM,https://www.catastro.hacienda.gob.es/INSPIRE/CadastralParcels/ES.SDGC.CP.Atom.xml,Nacional,,ATOM,,Gratuita,No,GML,Cadastral Parcels - CP,ATOM feed de parcelas catastrales filtrable por código INE de municipio. Ideal para ETL municipal. Excluye territorios forales.,https://www.catastro.hacienda.gob.es/INSPIRE/CadastralParcels/ES.SDGC.CP.Atom.xml,2,2,2,2,8,P0 - MVP,,Revisada,Geoportal IDEE,,,,,,,,
si,Clima y meteorología,Datos meteorológicos y climatológicos,AEMET OpenData,,,AEMET,API REST,https://opendata.aemet.es/centrodedescargas/inicio,Nacional,,API,,Gratuita,Sí (gratuito),GeoJSON,Meteorological Geographical Features - MF,Acceso vía portal para desarrolladores. Requiere API Key para peticiones GET.,AEMET OpenData,1,2,2,1,6,P1 - Alta,API oficial para datos climáticos; se indica el portal de gestión como endpoint al requerir autenticación obligatoria.,Revisada,AEMET OpenData - Agencia Estatal de Meteorología - AEMET. Gobierno de España,,,,,,,,
si,Clima y meteorología,Estaciones meteorológicas,,,,,,,,,,,,,,,,,,,,,,,,Pendiente,,,,,,,,,
si,Demografía,Secciones censales,Seccionado Estadístico de España,,,INE - Unidad de Infraestructura de Datos Espaciales,WFS / Descarga directa,https://www.ine.es/geoserver/WMS_INE_SECCIONES_G01/wms,Nacional,,BBOX,,Gratuita,No,SHP/GeoJSON/KML/GML/,Statistical Units - SU,Descarga de geometria de secciones censales por provincia o conjunto nacional. Imprescindible para visualización demográfica inframunicipal. Requiere unión tabular de la geometría con datos INE por código de sección para tener indicadores demográficos . Actualización anual.,ine.es/geoserver/WMS_INE_SECCIONES_G01/wms?service=WFS&request=GetCapabilities,2,2,2,2,8,P0 - MVP,"Fuente oficial imprescindible para indicadores demográficos inframunicipales; gratuita y nacional, aunque requiere unión tabular con datos INE.",Revisada,Inicio / Datos Abiertos /Cartografía secciones censales,,,,,,,,
si,Demografía,Estadísticas municipales,Series estadísticas municipales,,,INE,API REST,https://servicios.ine.es/wstempus/js/{idioma}/{función}/{input}[?parámetros],Nacional,,API,,Gratuita,No,JSON,Population Distribution - PD,API para consulta de series estadísticas del INE por municipio; cubre padrón,na,2,2,2,2,8,P0 - MVP,"Fuente oficial para indicadores demográficos municipales; cobertura nacional, gratuita, sin registro e integrable mediante API INE/JSON, aunque requiere tratamiento tabular y unión con geometrías municipales.",Revisada,Inicio / Datos abiertos / API JSON /API JSON,,,,,,,,
si,Economía,Renta municipal e inframunicipal,,,,,,,,,,,,,,,,,,,,,,,,Pendiente,,,,,,,,,
si,Energía e infraestructura,Potencial solar fotovoltaico de edificios,Potencial Solar de los edificios ,,,IGN / CNIG,WMS,https://wms-potencial-solar.idee.es/potencial-solar,Nacional,,BBOX,,Gratuita,No,WMS,Energy resources - ER,"Capa vectorial (puntos) con la capacidad fotovoltaica por edificio y malla puntual de 2 m para identificar la mejor ubicación de placas solares. Generada con edificios de Catastro (+ Navarra y País Vasco), MDS de 2 m del IGN derivado de LiDAR y radiación solar de PVGIS. Muy útil a escala municipal para planes de transición energética. Limitación: el resultado es estimación no vinculante; servicio de visualización (sin WFS público), requiere consulta GetFeatureInfo o procesos OGC API asociados para extraer valores.",https://wms-potencial-solar.idee.es/potencial-solar?request=GetCapabilities&service=WMS,1,2,2,1,6,P1 - Alta,Alto valor para transición energética; no básico.,Revisada,https://idee.es/web/idee/segun-tipo-de-servicio,,,,,,,,
si,Equipamientos y servicios,Equipamientos educativos,,,,,,,,,,,,,,,,,,,,,,,,Pendiente,,,,,,,,,
si,Equipamientos y servicios,Equipamientos sanitarios,,,,,,,,,,,,,,,,,,,,,,,,Pendiente,,,,,,,,,
si,Ganadería ,Comarcalización ganadera,Comarcas Ganaderas,,,MAPA,WMS,https://wms.mapama.gob.es/sig/Ganaderia/ComarcasGanaderas,Nacional,,BBOX,,Gratuita,No,WMS,Agricultural and Aquaculture Facilities - AF,Delimitación de comarcas ganaderas a nivel nacional. Útil como capa de contexto territorial supramunicipal para análisis ganaderos. Limitación: agregación supramunicipal.  no aporta detalle al interior del municipio.,https://wms.mapama.gob.es/sig/Ganaderia/ComarcasGanaderas?request=GetCapabilities&service=WMS,0,1,2,1,4,P2 - Media,Contexto supramunicipal; poco detalle municipal.,Revisada,https://idee.es/web/idee/segun-tipo-de-servicio,,,,,,,,
si,Hidrografía,Red hidrográfica y aguas superficiales,Hidrografía de España de Aguas Físicas y del Modelo de Red,,,IGN-CNIG / IDEE,OGC WFS / WFS INSPIRE,https://servicios.idee.es/wfs-inspire/hidrografia,Nacional ,,BBOX,,Gratuita,No,GML / XML; formatos adicionales según GetCapabilities,Hydrography - HY,"Incluye elementos hidrográficos naturales y artificiales, aguas superficiales, red hidrográfica, cuencas y otros objetos relacionados. Para descargas amplias se recomienda usar filtros espaciales o servicios de descarga alternativos",https://servicios.idee.es/wfs-inspire/hidrografia?service=WFS&request=GetCapabilities,2,2,2,2,8,P0 - MVP,Hidrografía vectorial oficial.,Revisada,https://servicios.idee.es/wfs-inspire/hidrografia | https://www.ign.es/web/ide-area-nodo-ide-ign | https://www.ign.es/web/seccion-hidrografia,,,,,,,,
si,Hidrografía,Red hidrográfica y aguas superficiales,Hidrografía de España de Aguas Físicas y del Modelo de Red,,,IGN / CNIG ,WMS,https://servicios.idee.es/wms-inspire/hidrografia,Nacional,,BBOX,,Gratuita,No,Imagen WMS; posible GetFeatureInfo si está habilitado,Hydrography - HY,"Fuente de referencia para ríos, cauces y elementos hidrográficos. Para análisis espacial municipal conviene usar WFS/descarga si está disponible.",https://servicios.idee.es/wms-inspire/hidrografia?request=GetCapabilities&service=WMS,2,2,2,1,7,P0 - MVP,Hidrografía básica oficial.,Revisada,https://www.ign.es/web/ide-area-nodo-ide-ign,,,,,,,,
si,Hidrografía,Batimetría marina,Talud Continental,,,MAPA - SG Pesca,WMS,https://wms.mapama.gob.es/sig/Pesca/CartoTalud,Nacional,,BBOX,,Gratuita,No,WMS,Elevation - EL / Sea Regions - SR,Modelo digital de elevaciones del talud continental español adquirido durante las Cartas de Pesca del Mediterráneo realizadas por la SG de Pesca del MAPA.  sirve de apoyo a estudios y trabajos en el medio marino. Píxel 50 m. Útil municipal solo para municipios costeros con jurisdicción marina.,https://wms.mapama.gob.es/sig/Pesca/CartoTalud?request=GetCapabilities&service=WMS,0,1,2,1,4,P2 - Media,Uso costero/marino especializado.,Revisada,https://idee.es/web/idee/segun-tipo-de-servicio,,,,,,,,
si,Hidrografía,Cartografia marina,Plataforma Continental,,,MAPA - SG Pesca,WMS,https://wms.mapama.gob.es/sig/Pesca/CartoPlataforma,Nacional,,BBOX,,Gratuita,No,WMS,Elevation - EL / Sea Regions - SR,Visualización del modelo digital de elevaciones y sombreado del terreno de la plataforma continental español; batimetría y localización de los puntos de toma de muestras de sedimento del fondo marino . Útil municipal solo para municipios costeros.,https://wms.mapama.gob.es/sig/Pesca/CartoPlataforma?request=GetCapabilities&service=WMS,0,1,2,1,4,P2 - Media,Solo relevante para municipios costeros/marinos.,Revisada,https://idee.es/web/idee/segun-tipo-de-servicio,,,,,,,,
si,Hidrografía,Dominio público hidráulico,,,,,,,,,,,,,,,,,,,,,,,,Pendiente,,,,,,,,,
si,Hidrografía,Zonas inundables,,,,,,,,,,,,,,,,,,,,,,,,Pendiente,,,,,,,,,
si,Mapas base,Callejero OSM,OpenStreetMap Standard Tiles,,,OpenStreetMap Foundation,XYZ raster,https://tile.openstreetmap.org/{z}/{x}/{y}.png,Global,,BBOX,,Gratuita,No,PNG,"Redes transporte, nombres geográficos",Atribución obligatoria; no scraping ni descargas masivas; no ideal para producción con alto tráfico. operations.osmfounda...,,1,2,1,2,6,P1 - Alta,"Muy útil, gratuito y reconocido, aunque no oficial.",Revisada,,,,,,,,,
si,Mapas base,Light/Dark/Voyager,CARTO Basemaps,,,CARTO,Teselas / basemap en plataforma,https://{s}.basemaps.cartocdn.com/{style}/{z}/{x}/{y}{r}.png,Global,,BBOX,,Freemium,Según uso,PNG,"Transporte, nombres, uso del suelo","Estilos Positron, Dark Matter, Voyager; basado en datos tipo OSM. docs.carto",,1,2,1,1,5,P1 - Alta,Útil como base alternativa; revisar condiciones de uso.,Revisada,Basemaps | CARTO,,,,,,,,
si,Mapas base,Vector OSM self-host,OpenMapTiles + TileServer GL,,,OpenMapTiles / MapTiler,Descarga + servidor propio,MBTiles + TileServer GL / /styles/{style}/style.json,Global,,BBOX,,Gratuita,"No, si self-host","MVT/PBF, MBTiles, raster renderizado","Transporte, nombres, edificios, hidrografía","Mejor opción si se desea control, offline o evitar dependencia de APIs. OpenMapTiles",,1,2,1,1,5,P1 - Alta,Buena alternativa self-host; requiere infraestructura.,Revisada,Open-source map styles – OpenMapTiles,,,,,,,,
si,Mapas base,Outdoor/cycle/transport,Thunderforest,,,Gravitystorm / Thunderforest,XYZ raster,https://api.thunderforest.com/{style}/{z}/{x}/{y}.png?apikey=...,Global,,BBOX,,Freemium,Sí,PNG/JPG,"Transporte, relieve, ocio","Muy bueno para mapas ciclistas, outdoor y transporte; basado en esquema Web Mercator. thunderforest",,0,2,1,0,3,DESC - Descartada,Privado freemium/pago con API key.,Revisada,https://www.thunderforest.com/,,,,,,,,
si,Mapas base,Stamen / estilos OSM,Stadia Maps,,,Stadia Maps / Stamen,XYZ raster / style JSON,https://tiles.stadiamaps.com/styles/{style}.json / /tiles/{style}/{z}/{x}/{y}.png,Global,,BBOX,,Freemium,Sí en producción,"PNG, JSON, MVT según estilo","Transporte, nombres, relieve",Útil para estilos bonitos tipo Terrain/Toner; cuidar atribuciones. docs.stadiamaps,,0,2,1,0,3,DESC - Descartada,Freemium/API key en producción; alternativa oficial/OSM.,Revisada,Interactive Basemaps and Static Map APIs | Stadia Maps,,,,,,,,
si,Mapas base,ArcGIS basemaps,ArcGIS Basemap Styles,,,Esri,API estilos / vector tiles,https://basemapstyles-api.arcgis.com/arcgis/rest/services/styles/v2/styles/arcgis/{style}?token=...,Global,,BBOX,,Freemium,Sí,"Vector tiles, map tiles, JSON","Transporte, nombres, ortoimagen","Bueno si se integra con ecosistema ArcGIS; incluye estilos streets, imagery, navigation, etc. developers.arcgis",,,,,,,,Proveedor privado con token/freemium y alternativa oficial gratuita.,Pendiente,ArcGIS Online Basemaps - Vista general,,,,,,,,
si,Mapas base,Google road/satellite/terrain,Google Maps Map Tiles API,,,Google Maps Platform,API tiles,https://tile.googleapis.com/v1/2dtiles/{z}/{x}/{y}?session=...&key=...,Global,,BBOX,,De pago / Comercial,Sí + billing,"PNG/JPEG, 3D Tiles","Transporte, nombres, ortoimagen, relieve",Google for Developer.. Usar API oficial con key y token de sesión. ,,,,,,,,Pago/API key/billing y restricciones; alternativa oficial gratuita.,Pendiente,Descripción general de la API de Map Tiles  |  Google Maps Tile API  |  Google for Developers,,,,,,,,
si,Mapas base,HERE road/satellite,HERE Raster/Vector Tile API,,,HERE Technologies,REST tiles,https://maps.hereapi.com/v3/base/mc/{z}/{x}/{y}/png?apiKey=...,Global,,BBOX,,Freemium,Sí,"PNG, PBF/MVT","Transporte, nombres, edificios","Fuerte en automoción, movilidad y POI; requiere cuenta HERE. here",,,,,,,,Privado freemium/pago con API key; alternativa oficial.,Pendiente,Map Data | Static Map API | Platform | HERE,,,,,,,,
si,Mapas base,Mapas base vectoriales/raster,Amazon Location Service Maps,,,Amazon Web Services,API tiles / estilos / SDK,GetTile / GetStyleDescriptor vía Amazon Location Service,Global,,BBOX,,pay-as-you-go,Si,"Vector tiles, raster tiles, Style JSON / MapLibre","Transporte, nombres geográficos, edificios, hidrografía, usos del suelo",Integrable con MapLibre GL; ofrece estilos AWS predefinidos y estilos configurables. Revisar costes/licencia.  AWS credentials o API Key,,,,,,,,De pago y dependiente de plataforma cloud.,Pendiente,Amazon Location Service - Maps,,,,,,,,
si,Mapas base,Road/hybrid/labels,TomTom Map Display API,,,TomTom,Raster/vector tiles API,https://api.tomtom.com/map/1/tile/{layer}/{style}/{z}/{x}/{y}.png?key=...,Global,,BBOX,,Freemium,Sí,"PNG/JPG, vector tiles","Transporte, nombres",Buena calidad para navegación/movilidad; requiere key. developer.tomtom,,,,,,,,Privado freemium/pago con API key.,Pendiente,Introduction | Map Display API | TomTom Developer Portal,,,,,,,,
si,Mapas base,Road/vector/raster,Azure Maps Render,,,Microsoft Azure Maps,REST tiles,{endpoint}/map/tile?api-version=2024-04-01&tilesetId=...&zoom={z}&x={x}&y={y},Global,,BBOX,,De pago / Comercial,Sí,PNG/JPEG/PBF/MVT,"Transporte, nombres, meteorología si aplica",Alternativa Microsoft moderna; útil si la empresa usa Azure. learn.microsoft,,,,,,,,Pago Azure y dependencia cloud.,Pendiente,Azure Maps | Microsoft Azure,,,,,,,,
si,Mapas base,Vector/raster comercial,Mapbox Maps / Tiles API,,,Mapbox,API tiles / estilos,https://api.mapbox.com/styles/v1/{user}/{style}/tiles/{z}/{x}/{y}?access_token=...,Global,,BBOX,,Freemium,Sí,"MVT, PNG/JPEG, Style JSON","Transporte, nombres, ortoimagen",Muy configurable; revisar costes por uso. Mapbox,,,,,,,,Privado freemium/pago con token y restricciones.,Pendiente,Mapbox Standard Style | Mapbox Docs | Mapbox,,,,,,,,
si,Mapas base,Vector/raster configurable,MapTiler Cloud,,,MapTiler,API tiles / WMTS / OGC API Tiles,https://api.maptiler.com/maps/{mapId}/style.json?key=... / .../{z}/{x}/{y}.png?key=...,Global,,BBOX,,Freemium,Sí,"MVT, PNG, JSON, WMTS","Transporte, nombres, ortoimagen, relieve",Buen equilibrio para app reutilizable; requiere key. docs.maptiler,,,,,,,,Privado freemium/pago con API key.,Pendiente,Maps for developers | MapTiler,,,,,,,,
si,Medio ambiente,Espacios protegidos Red Natura 2000,Red Natura 2000,,,MITECO,WMS,https://wms.mapama.gob.es/sig/Biodiversidad/RedNatura,Nacional,,BBOX,,Gratuita,No,WMS,Protected Sites - PS,WMS con capas LIC/ZEC y ZEPA de la Red Natura 2000. Esencial para análisis ambiental y planeamiento municipal. Soporta GetFeatureInfo,https://wms.mapama.gob.es/sig/Biodiversidad/RedNatura?request=GetCapabilities&service=WMS,2,2,2,2,8,P0 - MVP,"Fuente oficial esencial para identificar condicionantes ambientales Red Natura 2000 en el municipio; gratuita, nacional e integrable mediante WMS con GetFeatureInfo.",Revisada,https://idee.es/segun-tipo-de-servicio,,,,,,,,
si,Medio ambiente,Espacios protegidos,Espacios Naturales Protegidos (ENP),,,MITECO,WMS,https://wms.mapama.gob.es/sig/Biodiversidad/ENP,Nacional,,BBOX,,Gratuita,No,WMS,Protected Sites - PS,Fuente oficial de espacios protegidos (Ley 42/2007). Esencial para licencias y planeamiento. Permite GetFeatureInfo.,https://wms.mapama.gob.es/sig/Biodiversidad/ENP?request=GetCapabilities&service=WMS,2,2,2,1,7,P0 - MVP,Fuente oficial esencial para visor municipal básico; gratuita y fácilmente integrable mediante BBOX.,Revisada,https://wms.mapama.gob.es/sig/Biodiversidad/ENP,,,,,,,,
si,Medio ambiente,Copernicus Land Monitoring Service,Copernicus Land Monitoring Service,,,Copernicus Land Monitoring Service / IDEE,WMS,https://servicios.idee.es/wms/copernicus-landservice-spain,Nacional,,BBOX,,Gratuita,No,Imagen WMS,Cubierta terrestre,Servicio de visualización de productos Copernicus relacionados con cobertura y monitorización terrestre. Para análisis detallado puede requerir descarga del producto original.,servicios.idee.es/wms/copernicus-landservice-spain?request=GetCapabilities&service=WMS,1,2,2,1,6,P1 - Alta,Muy útil para cobertura terrestre; WMS visual.,Revisada,Infraestructuras de Datos Espaciales - Instituto Geográfico Nacional,,,,,,,,
si,Medio ambiente,Riesgos naturales,Peligrosidad por Inundación,,,Ministerio para la Transición Ecológica y el Reto Demográfico,WMS,https://servicios.idee.es/wms-inspire/riesgos-naturales/inundaciones,Nacional,,BBOX,,Gratuita,No,WMS,Natural risk zones,"Capa que contiene los mapas de peligrosidad de las ARPSI (fluvial y costera) en tres periodos de retorno: 10, 100 y 500 años, según RD 903/2010 y Directiva 2007/60/CE. Útil para análisis municipal de zonas inundables y planificación urbanística. Limitación: servicio solo de visualización (no descarga vectorial), requiere recorte por BBOX para uso municipal y obliga a citar al MITECO como propietario.",,1,2,2,1,6,P1 - Alta,Muy útil para riesgos; WMS visual.,,,,,,,,,,
si,Medio ambiente,Sismicidad / información geofísica,Información sísmica,,,IGN,WMS,https://www.ign.es/wms-inspire/geofisica,Nacional,,BBOX,,Gratuita,No,Imagen WMS; posible GetFeatureInfo si está habilitado,Natural Risk Zones - NZ / Geology - GE,Útil para visores con componente de riesgos naturales o contexto geofísico. No es fuente municipal directa.,https://www.ign.es/wms-inspire/geofisica?request=GetCapabilities&service=WMS,0,2,2,1,5,P1 - Alta,Riesgo natural sectorial; no básico para todos.,Revisada,https://www.ign.es/web/ide-area-nodo-ide-ign,,,,,,,,
si,Medio ambiente,Volcanología / vigilancia volcánica,Red de Vigilancia Volcánica del IGN,,,IGN,WMS,https://wms-volcanologia.ign.es/volcanologia,Principalmente Canarias y zonas volcánicas de interés,,BBOX,,Gratuita,No,Imagen WMS; posible GetFeatureInfo si está habilitado,Natural Risk Zones - NZ / Geology - GE,No aplica de forma homogénea a todos los municipios. Muy relevante para municipios de Canarias u otras zonas con interés volcánico.,https://wms-volcanologia.ign.es/volcanologia?service=WMS&request=GetCapabilities,0,1,2,1,4,P2 - Media,Muy relevante en Canarias; no homogéneo.,Revisada,https://www.ign.es/web/ide-area-nodo-ide-ign,,,,,,,,
si,Medio ambiente,Calidad del aire,,,,,,,,,,,,,,,,,,,,,,,,Pendiente,,,,,,,,,
si,Medio ambiente,Cobertura forestal,,,,,,,,,,,,,,,,,,,,,,,,Pendiente,,,,,,,,,
si,Medio ambiente,Ruido ambiental,,,,,,,,,,,,,,,,,,,,,,,,Pendiente,,,,,,,,,
si,Ocupación y cobertura del suelo,Ocupación del suelo,Ocupación del Suelo de España,,,IGN-CNIG / IDEE,OGC WFS / WFS INSPIRE,https://servicios.idee.es/wfs-inspire/ocupacion-suelo,Nacional,,BBOX,,Gratuita,No,GML / XML; formatos adicionales según GetCapabilities,Land Cover - LC,"Adecuado para consulta de entidades vectoriales; en zonas extensas las respuestas pueden ser voluminosas, por lo que se recomienda filtrar espacialmente",https://servicios.idee.es/wfs-inspire/ocupacion-suelo?service=WFS&request=GetCapabilities,2,2,2,2,8,P0 - MVP,Fuente clave vectorial para análisis territorial.,Revisada,https://servicios.idee.es/wfs-inspire/ocupacion-suelo | https://www.ign.es/web/ide-area-nodo-ide-ign,,,,,,,,
si,Ocupación y cobertura del suelo,Ocupación del suelo ,Ocupación del Suelo de España,,,IGN / CNIG / SIOSE,WMTS,https://servicios.idee.es/wmts/ocupacion-suelo,Nacional,,BBOX,,Gratuita,No,Imagen WMTS; vector/raster en productos asociados,Land Cover - LC,"Fuente clave para análisis territorial municipal: urbano, agrícola, forestal, artificial, etc. Para análisis conviene usar datos descargables o servicios vectoriales asociados.",https://servicios.idee.es/wmts/ocupacion-suelo?request=GetCapabilities&service=WMTS,2,2,2,2,8,P0 - MVP,Fuente clave teselada.,Revisada,https://www.ign.es/web/ide-area-nodo-ide-ign,,,,,,,,
si,Ocupación y cobertura del suelo,Ocupación del suelo ,Ocupación del Suelo de España,,,IGN / CNIG / SIOSE,WMS,https://servicios.idee.es/wms-inspire/ocupacion-suelo,Nacional,,BBOX,,Gratuita,No,Imagen WMS; vector/raster en productos asociados,Land Cover - LC,"Fuente clave para análisis territorial municipal: urbano, agrícola, forestal, artificial, etc. Para análisis conviene usar datos descargables o servicios vectoriales asociados.",https://servicios.idee.es/wms-inspire/ocupacion-suelo?request=GetCapabilities&service=WMS,2,2,2,1,7,P0 - MVP,Fuente clave; WMS visual.,Revisada,https://www.ign.es/web/ide-area-nodo-ide-ign,,,,,,,,
si,Ocupación y cobertura del suelo,Ocupación del suelo,Ocupación de Suelo histórico,,,IGN / CNIG / SIOSE,WMS,https://servicios.idee.es/wms-inspire/ocupacion-suelo-historico,Nacional ,,BBOX,,Gratuita,No,Imagen WMS; vector/raster en productos asociados,Land Cover - LC,Útil para análisis de evolución de la ocupación del suelo. Como WMS es visual; para análisis municipal descarga y recorte espacial.,https://servicios.idee.es/wms-inspire/ocupacion-suelo-historico?request=GetCapabilities&service=WMS,1,2,2,1,6,P1 - Alta,Útil para evolución territorial.,Revisada,https://www.ign.es/web/ide-area-nodo-ide-ign,,,,,,,,
si,Toponimia,Topónimos oficiales y nomenclátor,Nomenclátor Geográfico Básico de España,,,IGN-CNIG,OGC WFS / WFS INSPIRE,https://www.ign.es/wfs-inspire/ngbe,Nacional,,BBOX,,Gratuita,No,GML / XML; formatos adicionales según GetCapabilities,Geographical Names - GN,Contiene nombres geográficos y atributos asociados. Para consultas por municipio puede ser necesario filtrar espacialmente o cruzar con unidades administrativas,https://www.ign.es/wfs-inspire/ngbe?service=WFS&request=GetCapabilities,2,2,2,2,8,P0 - MVP,Topónimos oficiales vectoriales.,Revisada,https://www.ign.es/wfs-inspire/ngbe | https://www.ign.es/web/ide-area-nodo-ide-ign,,,,,,,,
si,Toponimia,Topónimos oficiales y nomenclátor,Nombres Geográficos,,,IGN / CNIG,WMS,https://www.ign.es/wms-inspire/ngbe,Nacional,,BBOX,,Gratuita,No,Imagen WMS; datos vectoriales en servicios asociados,Geographical Names - GN,Servicio de visualización del Nomenclátor Geográfico Básico. Para buscador de topónimos o explotación de atributos conviene usar WFS/API Features asociado.,https://www.ign.es/wms-inspire/ngbe?request=GetCapabilities&service=WMS,2,2,2,1,7,P0 - MVP,Toponimia oficial útil para búsqueda y contexto.,Revisada,https://www.ign.es/web/ide-area-nodo-ide-ign,,,,,,,,
si,Transporte y movilidad,Redes de transporte,Redes de transporte de España,,,IGN-CNIG / IDEE,OGC WFS / WFS INSPIRE,https://servicios.idee.es/wfs-inspire/transportes,Nacional,,BBOX,,Gratuita,No,GML / XML; formatos adicionales según GetCapabilities,Transport Networks - TN,Puede incluir distintos modos de transporte y elementos asociados. conviene acotar consultas por bbox/filtros para evitar respuestas pesadas,https://servicios.idee.es/wfs-inspire/transportes?service=WFS&request=GetCapabilities,2,2,2,2,8,P0 - MVP,Red viaria oficial vectorial.,Revisada,https://servicios.idee.es/wfs-inspire/transportes | https://www.ign.es/web/ide-area-nodo-ide-ign,,,,,,,,
si,Transporte y movilidad,Redes de transporte,Redes de transporte de España,,,IGN / CNIG / Sistema Cartográfico Nacional,WMS,https://servicios.idee.es/wms-inspire/transportes,Nacional,,BBOX,,Gratuita,No,Imagen WMS; datos vectoriales en servicios asociados,Transport Networks - TN,"Fuente importante para contexto urbano, red viaria, transporte y accesibilidad. Para análisis municipal conviene usar WFS o descarga vectorial si está disponible.",https://servicios.idee.es/wms-inspire/transportes?request=GetCapabilities&service=WMS,2,2,2,1,7,P0 - MVP,Red viaria oficial básica; WMS visual.,Revisada,https://www.ign.es/web/ide-area-nodo-ide-ign,,,,,,,,
si,Transporte y movilidad,Infraestructura ciclista y cicloturismo (rutas - etapas - puertos),Spain by Bike,,,IDEE,WMS,https://wms-spainbybike.idee.es/spainbybike,Nacional,,BBOX,,Gratuita,No,WMS,Transport Networks - TN,"Capas de etapas cicloturistas, tipos de vía, espacios BTT y puertos de montaña a partir del portal Spain by Bike (Vías Verdes, Caminos Naturales, EuroVelo, Camino del Cid, Pirinexus, Rural Bike). Soporta GetFeatureInfo. Útil para movilidad sostenible y turismo activo a escala municipal. Limitación: WMS de visualización (no WFS), datos heterogéneos al integrar múltiples fuentes; cobertura de rutas no exhaustiva por municipio (depende de proveedores integrados).",https://wms-spainbybike.idee.es/spainbybike?request=GetCapabilities&service=WMS,0,1,2,1,4,P2 - Media,Turístico/deportivo; cobertura efectiva por rutas.,Revisada,https://idee.es/web/idee/segun-tipo-de-servicio,,,,,,,,
si,Transporte y movilidad,Transporte público,,,,,,,,,,,,,,,,,,,,,,,,Pendiente,,,,,,,,,
si,Turismo y patrimonio cultural,Senderos y rutas,Caminos Naturales,,,MAPAMA - SIGMAPAMA,WMS,https://wms.mapama.gob.es/sig/desarrollorural/ccnn_etapas,Nacional,,BBOX,,Gratuita,No,WMS,Transport Networks - TN,Capa de etapas de Caminos Naturales de España. Útil municipal para inventariar rutas senderistas que cruzan el término municipal e integrarlas en oferta turística. Limitación: solo caminos del programa nacional.,https://wms.mapama.gob.es/sig/desarrollorural/ccnn_etapas?request=getcapabilities&service=wms,1,1,2,1,5,P1 - Alta,Útil para turismo municipal si atraviesa el término.,Revisada,https://idee.es/web/idee/segun-tipo-de-servicio,,,,,,,,
si,Turismo y patrimonio cultural,Puntos de interés,Caminos Naturales - Puntos de Interés,,,MAPAMA - SIGMAPAMA,WMS,https://wms.mapama.gob.es/sig/desarrollorural/ccnn_ptosinteres,Nacional,,BBOX,,Gratuita,No,WMS,Transport Networks - TN,Puntos de interés asociados a la Red de Caminos Naturales. Útil municipal para enriquecer la oferta turística con hitos a lo largo de los caminos. Limitación: solo POI ligados a Caminos Naturales nacionales.,https://wms.mapama.gob.es/sig/desarrollorural/ccnn_ptosinteres?request=getcapabilities&service=wms,0,1,2,1,4,P2 - Media,Complementaria a Caminos Naturales; POI sectoriales.,Revisada,https://idee.es/web/idee/segun-tipo-de-servicio,,,,,,,,
si,Turismo y patrimonio cultural,Rutas culturales / Camino de Santiago,Camino de Santiago,,,IGN,WMS / Descarga,"
https://www.ign.es/wms-inspire/camino-santiago",Nacional,,BBOX,,Gratuita,No,WMS / GPX / KML / SHP,Sin tema INSPIRE directo asignado, Para una app municipal se usa el bbox/geometría del municipio. Permite consulta de información sobre etapas mediante WMS/GetFeatureInfo,ign.es/wms-inspire/camino-santiago?request=GetCapabilities&service=WMS,0,1,2,1,4,P2 - Media,Muy útil solo para municipios atravesados por rutas.,Revisada,Infraestructuras de Datos Espaciales - Instituto Geográfico Nacional,,,,,,,,
,,,,,,,,,,,,,,,,,,,,,,,,,,,,,,,,,,,
,,,,,,,,,,,,,,,,,,,,,,,,,,,,,,,,,,,
,,,,,,,,,,,,,,,,,,,,,,,,,,,,,,,,,,,
,,,,,,,,,,,,,,,,,,,,,,,,,,,,,,,,,,,
